id,image_id,prediction_string
0,0,0.397775 208.89 673.94 16.43 48.67 0.341730 893.98 186.22 9.07 41.03
1,1, 
2,10,0.570791 4.99 17.83 37.46 58.94 0.200697 28.86 578.66 11.69 83.68
3,100,0.245997 997.94 769.77 21.78 52.24
4,1000, 
5,1001, 
6,1002, 
7,1003, 
8,1004, 
9,1005, 
10,1006,0.433470 256.62 819.40 56.40 39.61
11,1007, 
12,1008, 
13,1009, 
14,101, 
15,1010, 
16,1011,0.419983 190.27 375.64 38.81 44.60
17,1012, 
18,1013,0.355212 828.45 395.50 66.99 36.06 0.266314 487.29 345.83 25.04 59.24
19,1014, 
20,1015,0.355920 610.35 402.26 9.06 62.70
21,1016,0.401878 421.17 664.84 32.78 61.56
22,1017, 
23,1018,0.265559 464.11 614.03 26.81 49.51
24,1019, 
25,102, 
26,1020,0.447516 639.63 506.78 9.87 46.72
27,1021,0.272722 805.60 393.99 23.49 32.01
28,1022,0.239576 740.36 848.56 33.32 45.99
29,1023, 
30,1024, 
31,1025, 
32,1026, 
33,1027, 
34,1028, 
35,1029, 
36,103,0.213836 183.15 331.01 45.16 14.42
37,1030, 
38,1031,0.254616 673.21 358.25 19.65 60.19
39,1032, 
40,1033, 
41,1034,0.375040 241.11 829.81 52.48 28.51
42,1035,0.282822 565.20 407.79 12.53 42.77 0.219658 365.75 166.25 8.22 39.60
43,1036,0.319320 169.42 988.67 42.02 33.30
44,1037, 
45,1038, 
46,1039, 
47,104,0.354470 680.38 51.05 15.41 48.14
48,1040,0.252906 854.93 106.41 25.65 115.21
49,1041, 
50,1042,0.363313 832.61 878.80 37.20 17.63 0.298650 676.78 87.32 30.88 42.17
51,1043, 
52,1044, 
53,1045, 
54,1046, 
55,1047,0.205539 268.05 368.42 15.56 28.54 0.204916 900.34 965.87 34.26 9.29
56,1048, 
57,1049,0.454698 805.46 265.80 33.67 53.62
58,105, 
59,1050, 
60,1051,0.237147 498.84 650.20 29.52 10.71
61,1052,0.293640 485.82 599.19 45.56 80.08 0.211064 375.40 721.56 30.67 20.29
62,1053, 
63,1054,0.314860 437.67 201.10 23.33 48.65 0.246467 124.51 420.33 53.13 36.56
64,1055, 
65,1056,0.378916 936.85 808.29 26.95 66.03 0.227595 857.09 240.64 38.57 80.09
66,1057,0.384567 741.84 149.87 12.40 30.35
67,1058, 
68,1059, 
69,106, 
70,1060,0.509541 281.14 358.83 17.66 64.05
71,1061,0.599140 669.71 15.16 111.19 56.06
72,1062, 
73,1063, 
74,1064, 
75,1065, 
76,1066,0.316983 69.96 875.72 17.76 50.83
77,1067,0.216856 84.44 947.36 16.00 40.70
78,1068,0.852800 867.48 466.81 24.84 56.64
79,1069, 
80,107, 
81,1070, 
82,1071, 
83,1072,0.368585 946.15 448.94 26.53 41.92
84,1073,0.284741 24.90 684.34 95.13 71.57 0.281271 614.40 464.53 35.24 17.42
85,1074, 
86,1075,0.406000 98.66 409.02 54.34 50.42 0.311146 364.21 517.31 12.96 54.34
87,1076,0.249616 989.76 130.20 13.07 47.01
88,1077,0.296998 81.89 324.96 65.83 36.78 0.296084 426.24 610.65 33.14 59.99
89,1078,0.222628 96.82 889.10 36.73 74.39
90,1079,0.407909 16.44 678.52 42.80 31.49
91,108,0.668051 9.33 361.55 28.02 49.69
92,1080, 
93,1081, 
94,1082, 
95,1083,0.327167 132.40 129.21 38.34 42.21
96,1084, 
97,1085,0.213707 734.59 854.52 53.10 34.97
98,1086, 
99,1087, 
100,1088, 
101,1089,0.272214 992.30 520.81 28.67 22.10
102,109, 
103,1090, 
104,1091, 
105,1092, 
106,1093, 
107,1094, 
108,1095, 
109,1096, 
110,1097,0.347132 761.40 834.82 49.88 8.37 0.339643 928.23 350.36 65.34 36.04 0.277959 15.53 873.63 53.49 58.70
111,1098,0.229038 337.85 461.40 12.69 66.48
112,1099, 
113,11,0.250680 744.81 270.44 52.50 23.07
114,110,0.312659 2.34 32.91 40.74 45.40
115,1100, 
116,1101, 
117,1102, 
118,1103,0.284345 0.00 23.84 52.76 36.69
119,1104, 
120,1105, 
121,1106, 
122,1107,0.521984 647.66 655.23 67.45 80.39
123,1108, 
124,1109,0.213924 512.07 335.72 51.81 56.58
125,111,0.642592 1.05 123.07 70.68 33.87 0.224027 22.63 55.91 18.07 51.14
126,1110, 
127,1111,0.632282 969.49 598.15 22.17 68.54
128,1112, 
129,1113,0.213631 190.49 139.54 33.43 45.70
130,1114,0.292229 767.30 799.88 31.80 32.40
131,1115,0.283680 349.15 296.20 23.72 54.58
132,1116, 
133,1117, 
134,1118, 
135,1119,0.262046 256.87 799.96 44.78 36.72
136,112,0.257687 607.64 343.95 21.25 54.19
137,1120, 
138,1121, 
139,1122, 
140,1123,0.212009 61.52 111.21 20.12 27.44
141,1124,0.275732 86.20 769.59 47.02 48.68
142,1125, 
143,1126,0.407324 847.78 462.68 71.43 23.57
144,1127,0.466048 726.56 635.15 46.59 102.95
145,1128, 
146,1129, 
147,113,0.443778 780.44 439.94 16.55 37.40 0.364004 554.98 357.02 19.69 25.11 0.348653 998.89 673.71 13.91 44.09
148,1130, 
149,1131,0.464169 539.08 487.13 21.76 56.65 0.266710 3.94 408.80 25.91 45.10
150,1132, 
151,1133,0.341471 357.41 608.22 24.41 49.46 0.217799 9.39 990.18 56.38 23.16
152,1134,0.321352 67.82 640.86 35.06 47.90 0.259578 321.04 423.13 27.67 62.68
153,1135, 
154,1136, 
155,1137, 
156,1138, 
157,1139,0.238838 610.86 970.41 48.18 21.21
158,114, 
159,1140, 
160,1141,0.335664 606.83 914.46 83.76 14.04 0.262891 519.66 742.14 55.11 27.23
161,1142, 
162,1143,0.417169 227.81 502.21 46.21 25.77 0.308630 588.05 825.66 39.10 33.97
163,1144, 
164,1145, 
165,1146,0.217577 1.28 997.17 15.14 26.83
166,1147, 
167,1148, 
168,1149, 
169,115, 
170,1150,0.323364 342.22 282.82 20.55 58.35
171,1151, 
172,1152,0.249963 81.18 943.56 22.82 26.40
173,1153, 
174,1154, 
175,1155,0.224879 696.14 959.10 60.53 18.43
176,1156, 
177,1157, 
178,1158,0.249342 706.10 376.35 27.52 27.40
179,1159, 
180,116,0.713132 438.20 270.87 68.47 27.21
181,1160, 
182,1161,0.309828 781.66 814.53 24.08 45.67
183,1162, 
184,1163, 
185,1164, 
186,1165, 
187,1166, 
188,1167, 
189,1168,0.209677 765.15 526.53 36.16 36.56
190,1169, 
191,117, 
192,1170,0.245207 883.88 335.27 11.01 50.89
193,1171,0.566340 367.76 496.39 41.70 39.83 0.204994 566.77 843.61 50.72 28.01
194,1172, 
195,1173, 
196,1174, 
197,1175, 
198,1176, 
199,1177, 
200,1178,0.326650 650.93 410.72 11.02 46.10
201,1179,0.305144 266.74 107.02 16.62 33.70
202,118,0.339767 944.94 302.75 69.88 22.72
203,1180, 
204,1181,0.295375 7.16 363.39 43.92 11.13 0.224337 1007.91 571.63 14.47 36.96
205,1182,0.371748 906.03 974.35 49.02 47.41
206,1183, 
207,1184, 
208,1185,0.613676 327.72 771.05 37.71 54.75 0.257774 93.71 405.02 31.08 44.44 0.257047 196.44 240.82 34.80 57.84 0.219251 980.00 182.05 17.92 58.68
209,1186,0.266443 859.31 638.43 41.03 15.17
210,1187, 
211,1188, 
212,1189,0.355826 799.30 305.14 16.93 50.08 0.314496 747.37 326.06 22.77 28.45
213,119, 
214,1190,0.381123 729.47 886.70 69.29 39.94
215,1191, 
216,1192,0.382683 200.59 860.47 35.69 45.13
217,1193, 
218,1194, 
219,1195,0.504280 577.23 532.59 34.63 47.10 0.200524 266.77 344.69 28.33 25.10
220,1196, 
221,1197,0.326349 1.46 908.79 21.46 19.86
222,1198, 
223,1199,0.425602 248.86 191.44 44.08 43.55
224,12,0.507763 958.75 657.91 45.60 32.18 0.243296 424.96 341.31 30.45 11.06
225,120,0.387787 191.08 424.30 33.25 8.40
226,1200,0.353806 459.73 533.35 29.95 59.11
227,1201,0.223618 48.62 815.58 13.26 50.98
228,1202, 
229,1203,0.256095 186.12 797.71 64.73 63.91
230,1204, 
231,1205,0.521001 794.33 786.10 12.21 29.94
232,1206,0.258776 598.50 292.71 35.52 42.97
233,1207,0.253947 653.98 793.52 20.60 32.56 0.218102 577.28 4.90 51.57 44.31
234,1208, 
235,1209,0.221341 367.46 397.89 31.42 40.48
236,121,0.355159 520.33 291.33 18.02 66.55
237,1210,0.215257 833.51 130.55 49.20 23.30
238,1211, 
239,1212, 
240,1213,0.308652 600.82 132.06 9.73 30.13
241,1214, 
242,1215, 
243,1216, 
244,1217, 
245,1218, 
246,1219, 
247,122, 
248,1220,0.250799 920.58 245.37 45.37 25.58
249,1221, 
250,1222, 
251,1223, 
252,1224,0.518388 559.83 719.63 40.37 41.56
253,1225, 
254,1226, 
255,1227, 
256,1228, 
257,1229,0.276122 844.51 685.71 45.99 36.53
258,123, 
259,1230, 
260,1231,0.273230 832.39 329.07 53.95 39.47
261,1232, 
262,1233, 
263,1234,0.305182 693.40 923.67 33.97 13.04
264,1235, 
265,1236,0.276220 793.61 356.76 11.45 31.90
266,1237, 
267,1238, 
268,1239, 
269,124,0.234191 233.80 987.91 53.92 25.87
270,1240, 
271,1241, 
272,1242, 
273,1243,0.446056 742.42 576.35 12.01 66.19 0.268826 582.63 131.07 54.56 19.62
274,1244, 
275,1245,0.505678 806.92 773.14 36.53 57.01
276,1246, 
277,1247,0.344830 373.60 418.69 41.50 29.51
278,1248, 
279,1249, 
280,125, 
281,1250,0.206743 367.14 35.99 29.66 59.01
282,1251, 
283,1252,0.436251 608.84 558.26 36.77 38.28 0.309791 854.22 285.21 18.26 55.96
284,1253, 
285,1254,0.295678 538.26 32.31 25.09 51.77 0.269719 929.97 626.96 53.29 31.22
286,1255,0.238435 627.97 449.95 45.51 31.85
287,1256, 
288,1257, 
289,1258,0.346362 675.81 681.37 39.58 14.34 0.202870 640.35 237.10 37.88 32.48
290,1259,0.325210 874.60 270.50 11.83 31.08
291,126,0.254003 876.26 273.19 58.14 57.04
292,1260, 
293,1261, 
294,1262, 
295,1263,0.347042 720.97 669.68 11.90 77.07 0.220923 147.09 729.48 14.54 26.76
296,1264, 
297,1265,0.201711 965.72 31.47 25.13 18.64
298,1266, 
299,1267,0.224509 547.85 891.18 15.62 64.71
300,1268, 
301,1269, 
302,127, 
303,1270,0.404113 192.55 687.26 22.72 44.47 0.301119 919.99 127.68 20.11 70.72
304,1271,0.338597 302.24 826.91 10.50 43.90
305,1272, 
306,1273,0.362550 733.31 102.06 71.64 33.57 0.351713 273.92 271.57 24.95 10.51 0.219794 339.50 202.40 33.48 45.88
307,1274,0.307348 829.18 474.17 27.48 40.59
308,1275, 
309,1276,0.335567 275.44 422.01 37.71 56.70
310,1277,0.308740 401.81 781.78 43.87 67.88
311,1278, 
312,1279,0.702997 19.46 874.16 36.56 60.81 0.503055 367.53 162.30 38.26 42.34
313,128,0.764337 11.53 655.99 25.00 83.53
314,1280, 
315,1281, 
316,1282,0.329164 463.54 538.22 21.20 44.29 0.208835 8.17 189.49 38.28 36.80
317,1283, 
318,1284,0.243615 431.76 249.03 41.77 27.86 0.230836 208.66 735.48 17.45 42.84
319,1285, 
320,1286, 
321,1287,0.372052 649.96 826.71 8.51 43.38
322,1288,0.368120 346.80 278.26 64.03 24.39 0.318479 379.72 94.08 37.38 44.74
323,1289,0.385459 725.12 590.85 27.06 39.88
324,129,0.302647 152.62 468.97 21.42 63.71
325,1290,0.483889 725.55 72.21 62.11 28.13 0.230094 937.94 611.48 73.08 27.39
326,1291, 
327,1292,0.512275 279.81 412.88 55.15 33.05 0.438995 660.02 762.05 37.21 43.20 0.273280 657.78 493.32 45.02 60.19
328,1293, 
329,1294, 
330,1295,0.226036 155.38 616.43 30.26 54.16
331,1296, 
332,1297,0.397544 687.51 808.22 39.35 58.01
333,1298,0.330193 21.62 360.12 42.47 32.71
334,1299,0.212318 162.42 687.95 45.06 33.48
335,13, 
336,130,0.421670 753.95 501.30 45.57 27.51
337,1300, 
338,1301, 
339,1302,0.249219 816.71 365.28 75.29 33.69
340,1303, 
341,1304, 
342,1305, 
343,1306,0.375538 158.75 546.83 14.18 27.47 0.247458 836.70 60.38 39.66 35.96
344,1307,0.427151 27.42 2.10 33.68 37.29
345,1308, 
346,1309, 
347,131,0.286405 664.24 737.36 26.56 51.45
348,1310, 
349,1311, 
350,1312, 
351,1313, 
352,1314,0.718167 754.55 768.58 53.36 98.86 0.310298 295.84 295.42 62.70 33.83
353,1315, 
354,1316,0.206354 85.23 278.36 10.73 46.43
355,1317, 
356,1318,0.402517 8.97 964.85 25.26 46.53 0.271829 95.37 453.72 39.64 9.06
357,1319,0.292551 532.13 335.25 55.82 30.81
358,132, 
359,1320,0.209324 322.62 801.24 75.76 45.79
360,1321, 
361,1322,0.313961 442.20 879.99 16.66 53.18
362,1323, 
363,1324,0.326306 38.68 339.91 56.78 30.06
364,1325, 
365,1326, 
366,1327,0.252392 312.09 856.45 43.30 36.86 0.243036 678.50 597.45 56.00 42.34
367,1328, 
368,1329, 
369,133,0.227587 802.70 776.69 34.68 45.89
370,1330,0.208550 732.55 307.97 20.95 56.73
371,1331,0.431024 564.60 644.03 62.33 51.78 0.209964 522.65 299.29 56.94 17.54
372,1332, 
373,1333, 
374,1334, 
375,1335,0.564043 825.19 435.98 20.51 71.40
376,1336,0.284331 552.84 882.70 15.93 32.65
377,1337, 
378,1338, 
379,1339, 
380,134,0.327907 491.16 35.70 63.15 40.88
381,1340,0.316264 428.80 417.95 41.79 48.41
382,1341, 
383,1342, 
384,1343, 
385,1344, 
386,1345,0.244047 993.37 203.46 21.53 15.53
387,1346, 
388,1347,0.265222 591.63 534.61 10.13 38.01 0.245147 966.82 133.33 22.86 19.44
389,1348,0.321210 750.37 886.78 63.94 17.76
390,1349,0.415556 133.42 588.59 29.33 68.33 0.301715 35.28 32.39 8.97 35.56
391,135, 
392,1350, 
393,1351, 
394,1352, 
395,1353,0.211049 571.94 689.71 45.73 23.71
396,1354, 
397,1355, 
398,1356, 
399,1357,0.230088 197.10 363.21 57.92 39.16
400,1358, 
401,1359, 
402,136,0.540392 615.77 424.95 33.66 54.04
403,1360, 
404,1361,0.293342 678.01 182.27 23.45 58.02
405,1362, 
406,1363, 
407,1364,0.224901 791.26 680.86 37.03 32.50
408,1365, 
409,1366,0.201127 447.74 487.54 23.60 28.24
410,1367, 
411,1368, 
412,1369, 
413,137, 
414,1370,0.303915 473.93 153.54 46.35 22.84
415,1371, 
416,1372, 
417,1373,0.217126 793.58 64.00 32.42 37.74
418,1374, 
419,1375, 
420,1376, 
421,1377, 
422,1378,0.249301 332.68 609.44 66.40 30.97
423,1379, 
424,138, 
425,1380,0.212233 299.92 64.99 21.30 20.49
426,1381, 
427,1382,0.434319 220.66 0.00 21.28 49.44 0.242036 545.47 653.58 13.41 40.32
428,1383, 
429,1384,0.465358 139.85 896.55 30.22 10.53 0.273785 61.75 524.04 44.45 12.22
430,1385, 
431,1386,0.314587 931.63 801.76 16.91 21.50
432,1387, 
433,1388,0.271431 41.95 945.37 32.24 40.72 0.239660 390.02 355.10 22.74 74.59
434,1389, 
435,139, 
436,1390,0.265812 556.63 865.60 32.22 42.54
437,1391,0.412459 999.26 6.50 19.23 65.60 0.215838 146.41 889.61 19.66 31.32
438,1392, 
439,1393,0.358815 187.17 605.70 41.39 48.70
440,1394,0.309062 561.90 917.73 19.69 21.80
441,1395,0.288194 9.27 889.86 26.04 22.08
442,1396, 
443,1397, 
444,1398, 
445,1399,0.320792 678.41 274.22 40.31 43.01
446,14, 
447,140, 
448,1400,0.351234 130.61 711.39 27.57 48.87
449,1401, 
450,1402,0.495219 778.43 974.78 52.46 22.28
451,1403,0.210672 124.40 309.41 28.66 49.95
452,1404, 
453,1405, 
454,1406, 
455,1407,0.338900 226.04 770.74 34.64 12.52
456,1408,0.335165 301.18 582.12 47.75 45.54
457,1409, 
458,141,0.434968 441.02 371.42 29.75 48.80 0.269052 496.49 874.06 53.95 49.14
459,1410, 
460,1411, 
461,1412,0.337135 398.03 216.35 23.33 52.26
462,1413, 
463,1414, 
464,1415,0.235386 957.86 812.36 47.26 46.70
465,1416, 
466,1417,0.346710 657.41 624.72 51.76 19.16 0.285001 986.40 179.30 24.01 58.51
467,1418, 
468,1419,0.308809 486.60 899.15 41.10 33.56 0.301886 620.98 442.10 56.84 18.07 0.286045 582.64 485.84 34.87 47.91
469,142, 
470,1420,0.220763 453.44 577.14 31.07 15.45
471,1421,0.250588 959.07 863.39 45.55 41.05
472,1422, 
473,1423,0.221869 846.07 516.35 33.13 14.74
474,1424, 
475,1425, 
476,1426, 
477,1427, 
478,1428,0.203645 27.76 459.79 43.59 25.93
479,1429, 
480,143,0.402300 654.81 596.70 29.21 57.98 0.259170 665.64 693.00 24.41 42.82
481,1430, 
482,1431,0.331793 975.90 666.09 44.09 47.35 0.250006 677.86 858.52 18.62 30.83 0.238143 546.41 304.92 39.67 10.46
483,1432,0.328625 849.51 806.99 36.50 38.51
484,1433,0.272784 560.14 260.40 31.27 54.49
485,1434,0.262712 407.82 385.16 55.79 32.63 0.243871 264.90 517.54 57.29 38.26
486,1435, 
487,1436,0.705711 791.29 87.38 19.34 89.85
488,1437, 
489,1438,0.535184 10.39 323.12 24.15 46.71 0.233539 886.78 964.77 47.07 25.87 0.208734 797.80 961.88 23.02 41.02
490,1439,0.253323 507.18 191.22 37.95 34.79
491,144, 
492,1440,0.327387 742.03 307.01 20.25 53.79 0.287954 15.03 622.43 41.61 51.32
493,1441, 
494,1442,0.297478 674.75 447.57 9.59 84.03
495,1443,0.278136 526.45 192.78 51.24 16.54
496,1444,0.293812 425.87 628.99 8.04 51.51
497,1445, 
498,1446,0.457493 718.87 132.01 38.39 43.00
499,1447, 
500,1448,0.424649 847.80 28.75 29.66 42.38
501,1449, 
502,145, 
503,1450,0.301136 104.88 432.53 36.49 35.29
504,1451,0.610779 259.67 803.01 22.05 75.93 0.466887 536.88 251.61 10.59 40.75
505,1452,0.270479 158.83 580.84 53.50 8.62
506,1453, 
507,1454,0.341691 936.55 156.43 42.14 45.46
508,1455,0.566145 752.37 307.42 118.03 57.12
509,1456, 
510,1457, 
511,1458, 
512,1459,0.291233 743.17 36.69 65.18 41.71
513,146,0.545702 708.65 889.37 28.60 56.56
514,1460,0.525360 582.12 106.30 36.11 36.99
515,1461, 
516,1462, 
517,1463, 
518,1464, 
519,1465,0.290539 607.15 444.95 18.62 57.10
520,1466,0.248934 978.50 850.52 14.38 28.07
521,1467, 
522,1468, 
523,1469, 
524,147,0.387461 152.47 23.11 26.26 43.51
525,1470, 
526,1471,0.452694 563.17 355.29 28.26 58.33 0.284146 400.00 451.92 26.87 46.52
527,1472,0.219759 53.93 0.00 54.19 25.65
528,1473, 
529,1474,0.201367 13.00 890.28 13.49 37.96
530,1475,0.214172 978.52 449.30 42.88 32.65 0.211738 489.72 509.16 27.14 23.60
531,1476,0.281305 105.55 383.37 9.81 60.22
532,1477,0.219814 977.11 925.48 19.18 25.52
533,1478,0.333893 149.38 859.69 20.59 51.92 0.305034 903.79 156.74 64.74 43.31
534,1479,0.512613 210.44 404.64 14.78 36.69
535,148, 
536,1480, 
537,1481, 
538,1482,0.457928 529.80 607.58 54.39 22.35 0.261831 827.55 455.90 9.38 42.90
539,1483,0.314151 197.24 694.77 64.85 27.53
540,1484, 
541,1485,0.596987 27.37 475.71 30.43 65.89
542,1486,0.441969 863.07 313.88 31.09 55.36
543,1487, 
544,1488, 
545,1489,0.334539 161.73 880.41 41.09 36.75
546,149,0.473221 945.76 896.34 32.06 48.72 0.367555 903.74 65.93 78.44 35.77
547,1490,0.267446 553.35 390.11 53.91 29.30 0.200559 424.27 892.63 26.40 50.82
548,1491, 
549,1492,0.205599 964.40 724.66 24.00 62.13
550,1493,0.237263 971.38 892.56 11.42 35.87
551,1494,0.256655 559.33 706.84 35.57 50.09
552,1495,0.303389 772.54 342.07 52.54 17.25
553,1496, 
554,1497, 
555,1498, 
556,1499,0.510589 987.47 762.67 25.54 65.15
557,15, 
558,150,0.399343 675.29 303.36 50.51 35.53 0.365811 666.16 964.22 48.72 36.68
559,1500, 
560,1501, 
561,1502,0.416647 304.91 515.26 28.61 15.16
562,1503,0.207637 112.08 570.96 56.99 75.73
563,1504,0.208614 1006.61 321.15 11.37 56.09
564,1505, 
565,1506,0.290545 870.75 743.41 15.21 33.10
566,1507,0.232953 165.57 215.29 15.39 48.70
567,1508,0.372755 912.59 728.42 29.56 49.09 0.320598 69.00 86.10 22.58 52.29
568,1509,0.269248 390.71 275.97 31.36 52.71 0.230184 931.22 409.82 68.47 20.85
569,151,0.283278 826.62 234.15 8.17 35.56 0.224502 1005.49 880.43 12.08 35.32
570,1510, 
571,1511,0.240636 329.65 689.36 28.73 16.03
572,1512,0.241649 265.31 351.66 26.04 31.03
573,1513, 
574,1514,0.251106 600.62 16.56 72.75 22.93
575,1515, 
576,1516, 
577,1517, 
578,1518, 
579,1519, 
580,152, 
581,1520, 
582,1521,0.341026 735.56 817.86 31.07 43.45
583,1522,0.331366 980.99 840.34 39.77 55.60
584,1523, 
585,1524, 
586,1525, 
587,1526,0.489709 768.13 619.43 25.93 56.08 0.205426 325.48 745.89 19.49 55.07
588,1527,0.262122 408.61 835.16 23.52 24.16
589,1528, 
590,1529,0.349450 668.32 252.97 15.25 31.68
591,153, 
592,1530,0.313379 694.30 47.63 9.60 84.39
593,1531, 
594,1532,0.321615 591.99 96.07 34.94 56.20
595,1533, 
596,1534, 
597,1535,0.284376 198.84 9.55 12.22 40.71
598,1536,0.594156 474.18 80.02 26.05 56.84
599,1537,0.237982 238.34 252.98 100.53 29.59
600,1538, 
601,1539, 
602,154,0.252747 704.83 539.48 56.21 43.01
603,1540, 
604,1541, 
605,1542, 
606,1543,0.603866 427.17 559.23 46.93 95.01 0.395066 798.35 10.96 45.83 23.36 0.267059 292.92 226.11 49.72 28.48
607,1544, 
608,1545, 
609,1546, 
610,1547, 
611,1548, 
612,1549, 
613,155,0.263508 654.13 5.11 32.58 33.00 0.257833 832.45 939.45 42.98 54.74
614,1550,0.217845 433.59 490.30 16.05 22.71
615,1551, 
616,1552, 
617,1553,0.261993 743.39 803.86 56.55 28.27
618,1554, 
619,1555,0.340000 397.15 303.28 18.95 51.13
620,1556, 
621,1557,0.257661 155.81 13.97 54.58 26.87
622,1558,0.309853 252.72 354.93 15.42 29.26
623,1559, 
624,156,0.629588 573.60 43.40 136.75 74.45 0.435193 78.86 716.80 36.07 50.43 0.372125 557.36 212.68 16.52 49.52
625,1560, 
626,1561,0.611556 804.38 123.05 61.07 36.65
627,1562, 
628,1563, 
629,1564,0.221149 13.86 103.65 12.46 27.11
630,1565,0.244379 878.96 351.83 9.27 31.27
631,1566, 
632,1567, 
633,1568, 
634,1569, 
635,157,0.311443 175.85 401.45 30.20 17.06
636,1570, 
637,1571, 
638,1572, 
639,1573,0.261226 732.77 826.93 9.40 50.03
640,1574,0.229439 3.32 106.31 51.21 37.96
641,1575, 
642,1576, 
643,1577, 
644,1578, 
645,1579, 
646,158,0.396564 382.15 797.54 32.58 18.02 0.206297 919.66 352.78 32.01 41.75
647,1580,0.329011 121.82 706.06 49.07 29.05 0.239203 126.17 523.12 33.11 12.21
648,1581, 
649,1582, 
650,1583,0.480504 691.27 755.53 65.75 40.19 0.283295 552.82 745.06 10.16 85.29
651,1584, 
652,1585, 
653,1586,0.292623 731.51 797.19 37.57 57.67
654,1587, 
655,1588, 
656,1589,0.541330 801.59 552.16 63.24 33.12 0.299315 353.62 960.72 10.37 60.82
657,159,0.471072 17.60 396.91 90.75 21.04 0.449249 695.21 686.45 29.78 66.97
658,1590,0.235031 871.06 343.39 28.61 38.90
659,1591, 
660,1592,0.210736 135.69 265.41 19.35 56.81
661,1593, 
662,1594,0.227182 247.24 478.53 14.64 67.34
663,1595,0.315252 823.78 617.22 35.79 42.94
664,1596, 
665,1597, 
666,1598, 
667,1599,0.314615 840.86 95.08 45.35 19.83
668,16,0.303879 789.29 871.05 19.06 53.72
669,160, 
670,1600, 
671,1601, 
672,1602,0.329271 581.94 14.36 29.75 12.58
673,1603,0.370388 3.77 148.95 65.10 19.40 0.356231 378.41 43.09 36.01 40.37 0.254763 495.87 620.22 18.47 32.14
674,1604, 
675,1605,0.481838 964.29 906.39 48.76 29.64 0.429058 276.52 105.63 14.18 76.00 0.364501 158.36 2.49 56.00 21.96 0.211968 728.25 140.42 28.93 52.94
676,1606, 
677,1607, 
678,1608,0.353071 851.39 196.17 11.99 38.58 0.283129 277.85 452.97 84.33 35.85
679,1609, 
680,161,0.632898 824.77 454.68 63.65 38.27 0.240564 454.53 254.75 17.12 41.20
681,1610, 
682,1611, 
683,1612,0.208804 286.91 262.84 14.77 40.33
684,1613,0.356211 828.74 31.72 32.30 58.18 0.266805 67.85 245.45 10.85 73.59
685,1614, 
686,1615, 
687,1616,0.223581 152.84 704.28 25.05 20.03
688,1617, 
689,1618,0.782025 950.26 572.61 20.44 79.63 0.648413 118.52 7.64 56.80 30.16 0.270891 922.85 16.62 54.12 74.05 0.268054 503.86 564.99 24.39 54.46
690,1619, 
691,162, 
692,1620,0.449380 993.72 21.71 24.64 67.73 0.249164 427.73 339.05 9.50 52.61
693,1621,0.356153 526.47 768.78 61.56 44.01
694,1622,0.245507 97.72 515.22 41.28 81.13
695,1623, 
696,1624,0.355333 370.11 555.50 28.26 51.85
697,1625, 
698,1626,0.335040 430.74 483.29 37.08 11.58
699,1627,0.449591 903.62 636.60 28.82 53.11 0.356288 411.19 44.21 53.10 29.59
700,1628,0.234629 750.61 269.77 33.17 39.74
701,1629,0.382681 542.11 771.60 35.27 43.00
702,163,0.229701 771.25 722.87 58.26 16.44
703,1630, 
704,1631, 
705,1632, 
706,1633,0.200755 464.71 532.28 57.26 43.05
707,1634, 
708,1635,0.301502 968.65 2.32 44.27 29.43 0.286395 26.91 197.49 62.60 19.32
709,1636, 
710,1637, 
711,1638, 
712,1639,0.224584 402.74 523.12 30.49 23.15
713,164, 
714,1640, 
715,1641,0.223101 486.99 361.14 59.00 28.97
716,1642,0.373185 687.48 223.76 16.19 24.65 0.327950 656.92 855.92 47.80 49.14
717,1643, 
718,1644,0.452128 612.99 150.26 30.49 71.07
719,1645, 
720,1646, 
721,1647,0.381582 642.46 6.46 9.26 59.59
722,1648,0.287214 411.86 479.78 21.16 77.27
723,1649,0.355778 935.54 527.95 56.41 33.41 0.223536 301.22 782.04 43.43 15.81
724,165, 
725,1650,0.237862 975.43 296.73 36.20 34.76
726,1651, 
727,1652, 
728,1653,0.546373 516.84 193.31 30.79 72.19
729,1654, 
730,1655,0.223321 204.51 375.29 53.84 7.73
731,1656,0.400022 16.34 70.63 54.94 18.14
732,1657, 
733,1658,0.446585 388.60 743.62 50.96 30.10
734,1659, 
735,166, 
736,1660, 
737,1661,0.429664 284.52 957.17 38.23 52.24
738,1662,0.600735 296.92 548.43 27.20 62.42
739,1663,0.233223 308.46 167.57 24.72 95.35
740,1664,0.283950 818.52 801.73 42.52 14.27
741,1665, 
742,1666,0.237509 812.21 791.91 29.58 62.73
743,1667, 
744,1668, 
745,1669, 
746,167, 
747,1670,0.468271 7.71 975.93 61.91 20.69 0.204276 736.67 322.58 52.23 19.91
748,1671, 
749,1672, 
750,1673, 
751,1674, 
752,1675,0.435282 900.11 708.76 50.51 58.89
753,1676,0.335124 3.22 277.85 60.10 30.69 0.325644 428.72 545.71 15.38 61.26
754,1677,0.306237 114.05 919.26 21.87 55.20
755,1678, 
756,1679, 
757,168, 
758,1680,0.276755 110.68 523.15 31.42 48.74
759,1681, 
760,1682, 
761,1683, 
762,1684,0.315747 500.26 832.24 17.37 58.27
763,1685, 
764,1686,0.332048 847.20 538.85 12.59 48.01 0.329182 548.21 694.11 37.09 37.59 0.208529 627.02 282.81 23.43 16.31
765,1687, 
766,1688, 
767,1689, 
768,169,0.294134 124.61 395.36 34.12 49.69
769,1690, 
770,1691, 
771,1692, 
772,1693, 
773,1694,0.340413 299.87 95.37 50.33 78.69 0.339870 347.69 213.61 32.16 85.78
774,1695, 
775,1696, 
776,1697,0.298613 643.20 621.74 23.71 54.62 0.248852 340.30 166.58 55.66 30.01
777,1698, 
778,1699, 
779,17,0.254530 34.59 347.92 31.93 42.20
780,170, 
781,1700,0.214783 469.28 378.10 36.98 46.70
782,1701, 
783,1702,0.464506 67.79 907.33 38.33 42.58 0.361017 136.34 354.46 11.08 31.68
784,1703,0.341901 422.92 62.83 12.46 41.93
785,1704,0.348911 442.23 230.78 20.43 53.98
786,1705, 
787,1706,0.357544 1000.37 316.48 19.78 59.83
788,1707,0.488915 880.64 742.92 28.39 78.54
789,1708, 
790,1709,0.366455 382.37 469.44 11.06 50.89
791,171, 
792,1710,0.248847 747.61 258.18 41.01 12.47
793,1711,0.318208 217.05 67.40 13.11 50.44
794,1712, 
795,1713, 
796,1714, 
797,1715, 
798,1716,0.265024 708.57 714.25 57.75 17.46 0.231811 545.26 198.09 21.06 25.85
799,1717,0.284923 229.52 854.97 37.26 67.46
800,1718, 
801,1719, 
802,172, 
803,1720,0.292189 354.88 18.43 18.56 62.88
804,1721, 
805,1722, 
806,1723,0.224903 547.58 3.43 60.71 9.96
807,1724,0.523418 903.39 785.69 28.10 54.36 0.249967 465.81 17.15 44.49 28.96
808,1725,0.231928 95.99 900.81 28.41 43.33
809,1726, 
810,1727, 
811,1728,0.503047 106.26 778.22 28.65 39.56
812,1729, 
813,173,0.270169 104.42 172.60 36.72 42.59
814,1730,0.282275 369.06 300.45 71.40 26.80
815,1731,0.310352 449.66 739.45 19.28 35.50
816,1732,0.326707 156.17 938.10 52.92 37.02 0.299251 587.08 491.16 14.96 64.18
817,1733, 
818,1734,0.373149 623.15 398.75 22.19 27.57
819,1735,0.219362 1003.00 487.64 19.09 22.74
820,1736, 
821,1737, 
822,1738,0.448209 62.60 541.56 30.55 56.21 0.381284 749.45 607.19 16.20 22.02
823,1739,0.300816 430.85 135.21 47.37 26.89
824,174,0.498175 14.61 3.17 52.44 27.90
825,1740,0.230336 911.32 380.20 15.90 52.62
826,1741,0.380045 353.61 332.56 35.95 46.51
827,1742, 
828,1743,0.260243 107.38 97.05 11.64 69.66
829,1744, 
830,1745, 
831,1746,0.466916 197.07 950.56 53.88 34.55
832,1747,0.262220 669.14 22.59 34.69 112.29
833,1748,0.353015 565.20 731.04 66.53 50.13
834,1749,0.351800 780.58 909.12 35.29 46.27
835,175,0.580787 157.02 622.60 21.17 55.05 0.460499 950.31 833.74 64.58 86.52
836,1750, 
837,1751, 
838,1752, 
839,1753,0.442209 419.20 683.60 55.68 24.30
840,1754,0.205540 462.08 4.07 57.16 10.28
841,1755,0.697481 691.22 161.85 109.35 75.57
842,1756,0.282916 467.71 691.73 35.12 43.83 0.247318 597.95 51.75 20.75 16.51
843,1757, 
844,1758,0.275495 799.76 603.29 38.61 15.96
845,1759,0.317047 775.40 446.35 19.80 74.54
846,176,0.314499 14.96 50.97 18.21 50.11
847,1760, 
848,1761,0.232052 362.69 161.42 17.11 62.92
849,1762, 
850,1763, 
851,1764,0.207447 117.70 329.69 75.69 22.41
852,1765,0.376201 917.88 477.64 19.15 68.66
853,1766,0.336493 576.79 937.44 49.67 41.82
854,1767,0.508378 517.23 249.31 69.78 42.41
855,1768,0.419515 199.70 759.59 37.61 67.03 0.234252 455.38 55.78 41.03 69.25
856,1769,0.350733 944.58 640.81 44.93 31.25
857,177, 
858,1770,0.349204 252.61 93.77 21.95 58.46
859,1771, 
860,1772, 
861,1773, 
862,1774,0.345104 36.00 993.94 54.88 26.86 0.206367 630.82 118.39 14.27 39.61 0.205587 653.83 437.04 27.43 65.28
863,1775, 
864,1776,0.258076 289.89 829.39 40.03 52.33 0.238888 703.32 848.69 41.01 36.80
865,1777, 
866,1778,0.501673 423.81 8.25 54.52 30.56
867,1779,0.390313 855.41 108.03 9.85 55.27
868,178, 
869,1780,0.310293 938.22 263.58 11.98 57.74
870,1781,0.366906 487.65 115.62 26.04 11.26
871,1782, 
872,1783, 
873,1784, 
874,1785,0.321193 371.89 885.54 14.37 29.72
875,1786,0.237732 450.78 546.37 16.38 53.65
876,1787, 
877,1788,0.335079 580.14 633.71 28.97 37.39
878,1789, 
879,179, 
880,1790,0.288208 160.97 378.91 42.14 23.81
881,1791,0.299139 684.01 533.96 47.20 39.66
882,1792,0.376706 721.39 514.37 34.60 33.80
883,1793, 
884,1794, 
885,1795, 
886,1796,0.414896 846.20 811.97 26.42 14.91
887,1797,0.281939 835.91 265.05 41.24 43.24
888,1798, 
889,1799, 
890,18,0.289026 515.84 491.17 25.25 17.28
891,180, 
892,1800,0.582295 702.68 93.69 29.05 78.59
893,1801,0.548028 855.09 960.09 23.81 58.86
894,1802, 
895,1803,0.336338 507.80 685.43 45.52 38.93
896,1804, 
897,1805, 
898,1806, 
899,1807, 
900,1808, 
901,1809, 
902,181, 
903,1810, 
904,1811,0.378607 471.96 316.12 43.81 46.80
905,1812, 
906,1813, 
907,1814,0.364338 182.54 40.81 50.68 54.40
908,1815, 
909,1816, 
910,1817, 
911,1818,0.303866 329.31 916.10 11.08 44.79
912,1819, 
913,182,0.224895 306.00 512.73 28.34 46.34
914,1820,0.291354 369.40 641.84 44.63 41.24 0.222906 970.83 726.52 28.81 34.89
915,1821, 
916,1822,0.253795 585.96 39.75 49.08 58.72 0.247431 790.16 462.01 61.97 16.91 0.234322 394.41 503.89 30.13 22.92
917,1823, 
918,1824,0.282613 914.52 612.66 50.59 48.19 0.270783 385.56 511.86 26.80 15.17
919,1825, 
920,1826, 
921,1827, 
922,1828, 
923,1829, 
924,183,0.373141 184.29 252.96 30.35 65.24
925,1830, 
926,1831,0.227833 62.64 975.35 44.17 23.12
927,1832,0.306645 307.65 825.21 39.96 41.53 0.269268 837.48 690.37 19.78 68.64
928,1833,0.520261 769.31 19.89 24.01 62.10 0.234777 69.84 797.87 18.57 27.32
929,1834,0.600791 46.47 627.68 8.92 56.82
930,1835,0.291685 37.09 117.84 33.82 66.33
931,1836, 
932,1837,0.518785 145.38 125.56 46.32 37.28 0.317832 485.26 474.38 74.93 54.73
933,1838, 
934,1839, 
935,184, 
936,1840, 
937,1841, 
938,1842,0.230086 173.94 327.45 31.95 50.64
939,1843, 
940,1844,0.294564 928.88 444.29 74.79 78.63
941,1845, 
942,1846, 
943,1847, 
944,1848,0.411412 709.76 930.22 46.19 53.71
945,1849, 
946,185,0.354494 151.81 194.68 8.08 54.30 0.236020 269.27 296.88 67.91 27.60 0.228982 608.92 539.34 49.90 88.34
947,1850,0.604097 620.67 269.42 33.55 70.89
948,1851,0.301006 34.13 436.01 20.44 55.38
949,1852, 
950,1853, 
951,1854, 
952,1855,0.351828 519.08 234.58 9.58 40.03 0.204341 531.00 58.33 27.87 10.39
953,1856, 
954,1857, 
955,1858,0.368532 322.00 227.63 40.49 42.22 0.350326 935.66 624.51 13.46 67.95 0.257341 248.98 843.43 14.30 48.03
956,1859, 
957,186, 
958,1860,0.239923 453.09 329.64 34.92 16.54 0.211446 525.38 281.16 37.76 41.85
959,1861,0.339290 759.37 471.91 12.50 54.87 0.318866 775.38 651.73 71.06 39.65
960,1862,0.769839 11.49 319.38 23.52 58.53 0.317037 24.61 146.98 9.72 51.94
961,1863, 
962,1864,0.202226 0.00 522.72 34.92 24.53
963,1865, 
964,1866, 
965,1867,0.233497 661.74 369.63 45.54 39.56
966,1868, 
967,1869, 
968,187, 
969,1870, 
970,1871,0.569926 830.33 771.49 45.97 58.88 0.205007 420.66 654.91 33.90 18.13
971,1872, 
972,1873,0.311961 714.55 567.78 35.47 51.67
973,1874,0.223917 450.18 117.58 14.99 63.18 0.223712 485.12 391.33 36.62 11.39
974,1875,0.303533 905.22 703.59 18.39 29.91 0.200962 358.25 452.34 52.27 27.36
975,1876,0.311188 390.23 251.91 47.92 46.26
976,1877, 
977,1878, 
978,1879, 
979,188, 
980,1880, 
981,1881, 
982,1882, 
983,1883, 
984,1884, 
985,1885,0.235823 7.75 228.83 34.70 39.30
986,1886, 
987,1887,0.310602 353.45 115.95 10.47 31.57 0.288692 334.62 935.37 29.96 40.69
988,1888, 
989,1889, 
990,189,0.360764 912.22 171.13 21.05 76.58
991,1890,0.463268 661.24 497.00 37.53 33.11 0.203201 21.59 841.28 31.58 18.14
992,1891,0.228352 707.98 38.22 61.58 19.87
993,1892,0.204765 932.05 481.24 56.74 60.98
994,1893, 
995,1894, 
996,1895,0.226525 768.60 271.02 26.91 18.63
997,1896, 
998,1897, 
999,1898, 
1000,1899, 
1001,19,0.255574 122.18 361.50 25.48 47.59
1002,190,0.710786 110.90 906.51 56.83 36.73
1003,1900, 
1004,1901,0.447597 122.56 265.46 28.41 55.26 0.426015 913.14 586.51 22.16 49.74 0.250706 494.55 247.55 32.10 31.85
1005,1902, 
1006,1903,0.220866 469.20 54.87 39.27 28.01
1007,1904,0.449256 967.85 884.10 31.50 49.81 0.424881 108.08 842.21 9.78 61.18 0.265565 722.30 454.97 25.80 10.38
1008,1905, 
1009,1906, 
1010,1907,0.372631 738.23 790.52 38.23 16.20
1011,1908,0.532318 67.71 147.25 40.54 35.00 0.240125 547.54 96.93 16.98 36.37
1012,1909, 
1013,191,0.489969 900.18 640.72 44.55 33.97 0.331111 237.29 562.62 24.24 21.72
1014,1910, 
1015,1911,0.303313 267.57 86.05 14.36 46.43
1016,1912,0.308620 559.38 120.61 45.18 38.70 0.228399 826.21 738.26 51.01 35.83
1017,1913, 
1018,1914,0.458814 257.99 436.28 26.83 61.94 0.349924 222.83 866.32 11.57 32.52
1019,1915, 
1020,1916, 
1021,1917,0.390823 320.76 483.91 28.19 18.10
1022,1918, 
1023,1919, 
1024,192,0.508545 422.65 811.10 15.88 31.01
1025,1920,0.214880 203.43 833.34 28.58 67.72
1026,1921, 
1027,1922,0.458928 960.84 269.14 49.39 34.37 0.436055 776.25 856.77 44.37 34.63
1028,1923, 
1029,1924, 
1030,1925,0.405270 597.40 922.74 21.87 19.27
1031,1926,0.577849 452.14 765.89 31.25 62.95
1032,1927, 
1033,1928, 
1034,1929, 
1035,193,0.234126 126.30 264.93 36.03 19.25 0.225426 783.01 814.32 52.81 37.79
1036,1930,0.491279 51.64 825.83 29.47 57.45 0.368558 819.33 381.64 50.43 19.14 0.357637 947.84 573.68 41.26 38.71
1037,1931, 
1038,1932, 
1039,1933,0.260700 650.96 733.69 35.55 37.75 0.218267 609.70 530.08 49.58 7.77
1040,1934, 
1041,1935, 
1042,1936, 
1043,1937,0.325556 302.27 909.55 42.50 33.89 0.308598 887.23 356.90 41.13 33.12
1044,1938, 
1045,1939, 
1046,194,0.265830 480.27 368.42 8.96 46.60
1047,1940, 
1048,1941, 
1049,1942,0.404489 126.08 904.42 51.75 94.97
1050,1943, 
1051,1944, 
1052,1945,0.211039 168.97 603.69 13.44 61.95
1053,1946,0.216885 100.41 940.83 31.83 9.07
1054,1947, 
1055,1948, 
1056,1949,0.492334 558.96 518.64 81.01 23.87
1057,195,0.323260 95.00 822.39 57.04 20.69
1058,1950,0.303671 528.90 14.20 14.56 58.70
1059,1951,0.221508 880.24 18.61 48.61 41.29 0.212851 111.67 545.58 88.18 24.70
1060,1952,0.286994 570.63 18.42 20.57 73.22 0.238483 19.70 138.14 8.58 46.57
1061,1953,0.372483 787.31 858.43 24.80 61.86
1062,1954, 
1063,1955,0.434681 3.35 972.05 40.43 26.31
1064,1956, 
1065,1957,0.285385 491.07 580.70 34.42 46.67
1066,1958,0.413344 60.51 127.59 33.36 57.18 0.213422 561.80 894.40 18.91 50.14
1067,1959,0.519503 832.04 5.30 25.78 59.52 0.207628 14.59 406.24 42.30 36.27
1068,196,0.322282 915.33 749.03 37.63 54.16
1069,1960, 
1070,1961, 
1071,1962, 
1072,1963,0.220073 0.00 857.72 28.27 44.26
1073,1964, 
1074,1965,0.435210 967.25 709.08 12.87 45.23 0.430705 448.84 79.87 32.27 56.15
1075,1966, 
1076,1967,0.274268 219.50 29.82 55.79 36.43
1077,1968, 
1078,1969, 
1079,197, 
1080,1970, 
1081,1971,0.217653 662.75 264.92 55.01 74.23
1082,1972,0.529553 805.07 147.17 27.92 42.27
1083,1973,0.232984 939.60 779.08 10.48 60.14
1084,1974,0.539522 454.12 375.00 20.30 65.87
1085,1975,0.412201 379.43 559.54 91.30 21.13 0.358941 563.96 4.48 48.66 41.06
1086,1976, 
1087,1977,0.207268 596.65 116.12 42.62 43.75
1088,1978,0.321176 812.04 231.73 89.86 62.75 0.208328 273.31 347.88 55.69 49.14
1089,1979,0.253026 326.78 340.43 51.88 17.72
1090,198,0.344122 864.45 590.48 28.93 48.52 0.259756 534.41 760.40 20.65 75.01 0.227875 199.65 986.16 42.44 35.02
1091,1980,0.308797 141.30 445.62 64.90 19.28
1092,1981,0.237922 673.24 18.20 56.59 32.85
1093,1982, 
1094,1983,0.224326 155.38 792.03 56.13 9.81
1095,1984, 
1096,1985,0.338687 617.56 838.19 28.90 41.41
1097,1986,0.229099 58.04 537.35 11.80 29.92
1098,1987,0.407444 115.57 534.02 24.62 54.35 0.364383 677.75 975.16 36.79 13.29
1099,1988,0.227771 467.42 692.33 61.32 51.67
1100,1989, 
1101,199, 
1102,1990, 
1103,1991, 
1104,1992, 
1105,1993, 
1106,1994, 
1107,1995, 
1108,1996,0.322762 736.93 728.21 61.71 22.66
1109,1997, 
1110,1998,0.261464 342.89 903.92 37.01 61.07
1111,1999, 
1112,2,0.319340 637.85 293.99 44.22 64.72
1113,20,0.601030 380.69 86.56 19.92 67.04 0.257046 247.22 518.77 14.28 56.04
1114,200, 
1115,201, 
1116,202, 
1117,203, 
1118,204,0.267891 400.29 939.40 48.29 47.71
1119,205,0.471140 753.85 354.60 34.24 64.69
1120,206, 
1121,207, 
1122,208,0.459240 953.05 481.91 22.57 49.73
1123,209,0.225853 197.94 313.67 44.70 33.30
1124,21, 
1125,210,0.280674 779.62 269.11 16.00 29.01
1126,211, 
1127,212,0.552949 0.00 529.30 47.81 42.55
1128,213,0.456103 539.44 752.66 8.46 53.14 0.214090 970.99 194.66 50.86 34.25
1129,214,0.227660 437.80 509.27 29.92 9.08
1130,215,0.235754 943.78 955.34 46.46 22.04 0.209834 181.42 927.02 30.43 57.06
1131,216,0.308834 666.51 867.82 36.81 29.83 0.206414 954.24 334.11 11.51 32.23
1132,217, 
1133,218,0.544179 765.10 522.40 19.14 85.22
1134,219, 
1135,22,0.480423 312.92 394.35 9.02 55.77
1136,220, 
1137,221, 
1138,222,0.589896 709.39 90.21 69.11 30.12
1139,223,0.519381 452.33 120.86 43.08 33.08
1140,224, 
1141,225,0.224734 235.67 657.66 44.13 28.68
1142,226, 
1143,227, 
1144,228, 
1145,229,0.265312 843.62 849.27 62.25 50.52
1146,23, 
1147,230, 
1148,231, 
1149,232,0.209916 773.64 793.07 26.03 44.56
1150,233, 
1151,234,0.400812 273.28 142.40 24.18 42.49 0.389026 206.78 200.40 30.56 45.46
1152,235,0.336272 297.55 7.10 53.78 50.77
1153,236,0.449768 581.28 189.25 28.12 38.01
1154,237,0.495679 321.98 332.86 53.26 21.69 0.341801 856.47 0.99 19.93 58.22
1155,238, 
1156,239,0.290396 0.00 649.09 59.60 44.99 0.205763 339.70 885.11 53.90 19.44
1157,24, 
1158,240, 
1159,241, 
1160,242,0.309774 655.39 940.30 16.82 33.72 0.246691 621.40 839.75 26.22 39.88
1161,243,0.438325 264.27 352.03 121.37 60.24 0.433056 776.71 342.00 88.33 44.99
1162,244, 
1163,245, 
1164,246, 
1165,247, 
1166,248,0.435068 586.37 410.14 29.93 47.70 0.261267 34.64 710.18 66.85 40.10
1167,249,0.284097 420.23 12.51 65.45 31.45 0.266605 168.51 304.95 29.24 45.19
1168,25,0.212978 709.89 237.92 21.13 14.76
1169,250, 
1170,251, 
1171,252,0.225760 529.28 838.78 31.25 42.34
1172,253,0.257680 12.45 968.32 51.76 20.59
1173,254, 
1174,255, 
1175,256,0.274573 804.71 825.93 39.52 31.32
1176,257,0.235947 944.39 387.05 23.79 24.16 0.221836 513.91 574.51 43.56 25.72
1177,258, 
1178,259, 
1179,26, 
1180,260,0.477750 604.05 639.93 23.91 71.32 0.319535 507.55 781.63 42.18 48.34
1181,261,0.284751 606.91 33.61 46.38 29.26
1182,262, 
1183,263,0.278220 614.08 587.81 17.75 21.74
1184,264,0.306613 322.52 774.14 9.57 32.26
1185,265, 
1186,266, 
1187,267,0.264582 268.63 24.26 47.97 9.59
1188,268, 
1189,269, 
1190,27,0.365618 810.90 865.23 78.53 35.19
1191,270, 
1192,271, 
1193,272, 
1194,273, 
1195,274,0.393956 916.35 547.54 25.87 59.84
1196,275, 
1197,276, 
1198,277, 
1199,278, 
1200,279,0.205527 525.07 536.24 32.11 44.99
1201,28,0.230544 567.91 338.12 51.44 37.39
1202,280, 
1203,281,0.267601 91.24 120.17 51.29 31.85
1204,282, 
1205,283, 
1206,284, 
1207,285,0.625724 865.56 923.69 25.70 63.69
1208,286, 
1209,287,0.666043 847.06 658.46 27.73 69.84 0.450304 433.24 733.23 14.37 46.05
1210,288, 
1211,289,0.455392 491.78 413.29 23.16 29.39 0.256372 319.01 537.93 25.67 11.73
1212,29,0.342072 119.02 730.67 55.18 16.82 0.258566 439.22 749.74 33.31 33.47
1213,290, 
1214,291,0.260266 190.25 901.23 14.96 27.97
1215,292,0.286620 674.93 479.09 65.83 33.28
1216,293, 
1217,294,0.599198 135.03 468.04 23.41 53.06 0.350603 635.33 2.15 42.51 35.15
1218,295, 
1219,296,0.281315 81.68 225.99 57.43 35.73
1220,297, 
1221,298,0.469902 6.55 100.92 23.63 55.71
1222,299, 
1223,3,0.263933 766.54 428.50 28.17 101.35
1224,30,0.455370 946.11 932.21 76.07 29.94 0.289045 577.27 772.42 80.30 26.19
1225,300,0.441364 710.78 829.82 82.86 65.89
1226,301,0.525403 609.20 1.73 69.44 90.45 0.403714 607.06 417.19 49.14 30.26 0.375544 206.79 111.44 13.58 40.69 0.336783 776.63 233.89 49.76 33.18
1227,302,0.256404 105.94 542.82 27.66 45.47
1228,303,0.271796 794.52 839.04 33.37 54.95
1229,304,0.263611 449.88 802.55 33.32 11.48
1230,305, 
1231,306,0.520966 389.10 497.41 75.58 33.61 0.268453 779.00 94.99 53.75 17.32
1232,307, 
1233,308, 
1234,309, 
1235,31,0.516017 97.78 772.13 44.41 51.98
1236,310,0.255859 205.81 989.16 42.19 8.56
1237,311,0.216161 628.65 667.63 54.52 12.95
1238,312, 
1239,313, 
1240,314, 
1241,315, 
1242,316,0.212668 658.44 555.07 28.46 53.63
1243,317, 
1244,318,0.340041 445.40 896.72 59.47 18.92
1245,319, 
1246,32, 
1247,320, 
1248,321, 
1249,322, 
1250,323,0.276809 165.39 630.83 34.89 13.24
1251,324,0.266795 789.17 586.44 15.67 24.96 0.261505 533.48 98.36 33.25 51.34
1252,325,0.440053 822.32 566.18 34.70 54.16
1253,326,0.671222 53.61 730.52 19.88 78.65 0.217675 911.66 331.77 19.01 25.05
1254,327,0.263095 383.11 657.21 55.00 28.97
1255,328,0.346741 86.70 868.12 9.44 46.02
1256,329,0.263315 316.95 957.48 61.41 16.55
1257,33,0.592145 339.10 763.74 51.65 105.21
1258,330,0.276775 764.19 742.04 61.51 18.87
1259,331, 
1260,332, 
1261,333,0.245712 233.05 738.51 32.03 33.72
1262,334, 
1263,335,0.480715 393.48 459.67 21.34 66.11
1264,336, 
1265,337, 
1266,338, 
1267,339, 
1268,34, 
1269,340,0.419380 177.16 186.97 46.09 31.23
1270,341, 
1271,342,0.326367 965.47 377.86 42.15 45.58
1272,343,0.208084 975.43 56.89 45.77 37.55
1273,344,0.235967 779.99 172.86 34.27 19.13
1274,345, 
1275,346, 
1276,347, 
1277,348, 
1278,349,0.288517 831.94 5.27 25.67 39.83 0.281508 680.49 4.51 30.97 37.97
1279,35,0.491559 709.68 711.97 21.27 52.04
1280,350, 
1281,351,0.635221 378.59 791.02 24.25 55.45
1282,352, 
1283,353,0.405875 682.88 548.89 9.16 42.82
1284,354, 
1285,355, 
1286,356,0.239798 786.56 436.52 57.24 30.78 0.210554 301.83 136.55 55.36 8.69
1287,357, 
1288,358, 
1289,359,0.419432 453.26 549.79 36.58 39.79
1290,36,0.346329 209.83 218.25 14.41 27.22
1291,360, 
1292,361,0.259799 926.61 904.37 37.38 41.72
1293,362,0.202316 543.24 803.28 36.82 26.67 0.201705 349.18 195.80 52.79 33.49
1294,363,0.828203 928.04 148.48 27.21 73.22 0.399488 329.92 238.06 40.12 48.04
1295,364,0.271900 290.33 773.88 24.29 46.11
1296,365, 
1297,366, 
1298,367,0.282194 500.30 282.72 37.24 60.53
1299,368, 
1300,369,0.253592 510.38 873.24 54.93 9.77
1301,37, 
1302,370,0.530963 192.38 887.14 76.39 22.60 0.321662 992.51 630.81 23.84 51.07
1303,371, 
1304,372,0.585733 791.94 218.06 20.82 59.69
1305,373, 
1306,374,0.394127 589.51 706.97 30.03 23.66
1307,375, 
1308,376, 
1309,377,0.300043 712.21 35.12 35.32 55.54
1310,378,0.458577 106.78 536.01 47.83 28.75 0.272551 758.70 818.77 13.59 42.22
1311,379,0.294717 339.12 220.89 17.41 38.16
1312,38,0.321563 93.30 0.00 47.04 32.55
1313,380, 
1314,381, 
1315,382,0.266044 982.72 977.54 35.13 41.26
1316,383,0.559880 705.37 702.62 16.21 78.08
1317,384, 
1318,385,0.363751 812.15 471.75 25.74 53.50
1319,386,0.256799 184.85 957.26 88.35 21.01 0.228790 346.08 417.68 29.24 20.70
1320,387,0.418984 365.37 968.85 56.66 35.65
1321,388,0.341429 373.30 310.64 9.46 35.35
1322,389,0.563638 945.18 136.49 23.24 61.07
1323,39,0.377622 2.47 611.23 27.79 98.65 0.332267 211.57 492.69 78.27 25.03 0.239640 146.25 362.76 51.49 9.23
1324,390, 
1325,391,0.318252 865.35 172.39 27.06 43.65 0.229564 610.35 786.59 54.15 30.06
1326,392, 
1327,393, 
1328,394,0.329308 496.31 353.99 76.06 34.38
1329,395, 
1330,396, 
1331,397,0.430075 380.68 602.50 18.99 62.04
1332,398,0.539898 334.81 209.35 62.41 24.95
1333,399,0.383929 964.89 373.05 50.60 37.06
1334,4,0.280935 109.13 684.93 28.50 40.14 0.255792 235.08 728.86 21.15 45.34
1335,40,0.348105 671.51 722.84 9.95 51.17
1336,400,0.207615 585.75 234.63 42.67 45.47
1337,401,0.273966 743.27 864.53 26.43 20.44
1338,402, 
1339,403, 
1340,404,0.346448 287.59 596.06 43.01 31.78
1341,405, 
1342,406, 
1343,407,0.531561 284.44 76.94 8.02 50.61 0.252433 346.95 607.74 8.28 47.22
1344,408, 
1345,409, 
1346,41, 
1347,410,0.438727 351.83 783.27 34.70 52.91 0.348358 639.44 315.34 8.75 56.30
1348,411, 
1349,412, 
1350,413,0.265835 980.63 945.92 40.18 28.11 0.203712 263.54 583.91 23.95 102.11
1351,414, 
1352,415,0.345419 792.94 958.80 124.69 48.63
1353,416,0.200799 468.46 727.87 43.83 55.97
1354,417, 
1355,418,0.331402 613.01 109.94 58.36 21.03
1356,419, 
1357,42,0.415725 442.33 496.16 35.20 15.21 0.341691 73.42 261.20 23.58 43.32
1358,420, 
1359,421, 
1360,422, 
1361,423,0.472893 749.26 548.85 47.01 40.67
1362,424,0.230469 263.07 630.22 30.75 8.64
1363,425, 
1364,426,0.333209 311.40 743.12 38.74 62.51
1365,427, 
1366,428,0.278720 295.10 99.29 43.85 40.62
1367,429, 
1368,43,0.269352 657.51 992.51 82.50 22.02 0.253413 696.62 869.74 26.90 46.74 0.241860 639.87 378.70 29.83 12.58
1369,430,0.269130 1004.11 659.62 17.82 25.34
1370,431, 
1371,432, 
1372,433,0.213051 493.70 150.47 9.88 49.06
1373,434,0.527746 518.22 370.22 24.44 54.70 0.292326 745.54 377.75 39.47 54.56 0.253988 955.32 31.54 34.20 14.03
1374,435,0.239659 356.45 678.19 72.94 20.39
1375,436, 
1376,437, 
1377,438, 
1378,439, 
1379,44, 
1380,440,0.355438 1.51 161.65 36.13 43.75
1381,441,0.269730 646.63 876.11 43.26 37.55
1382,442, 
1383,443,0.204089 917.26 584.90 38.75 48.60
1384,444,0.300066 834.09 592.67 17.50 55.65
1385,445,0.256774 12.03 938.72 60.13 14.40
1386,446,0.400434 250.18 499.37 34.76 49.78 0.228901 917.94 790.10 13.44 35.37
1387,447, 
1388,448, 
1389,449,0.227475 678.61 425.30 36.98 9.89
1390,45,0.311189 312.21 55.72 47.03 40.94
1391,450, 
1392,451,0.218276 21.31 488.09 31.28 43.51
1393,452,0.319180 151.98 2.14 34.81 59.94 0.221315 248.98 85.16 48.18 23.87
1394,453, 
1395,454,0.559043 660.00 861.20 34.80 43.91
1396,455,0.482291 396.20 862.55 32.90 15.85 0.278946 615.66 338.86 22.50 14.57
1397,456, 
1398,457, 
1399,458,0.471077 782.28 803.17 72.28 23.09
1400,459,0.227594 536.95 25.89 40.03 27.10
1401,46,0.574635 739.14 595.65 40.72 49.73 0.484721 834.41 317.93 54.28 29.69 0.374931 530.75 319.70 16.28 54.50 0.301468 212.22 478.67 56.58 29.79
1402,460,0.322684 933.74 533.08 19.83 27.37
1403,461,0.200902 794.72 501.20 28.63 28.23
1404,462, 
1405,463,0.294345 277.18 427.92 21.00 49.20
1406,464, 
1407,465, 
1408,466, 
1409,467, 
1410,468, 
1411,469, 
1412,47,0.223171 757.50 27.84 34.13 43.46
1413,470, 
1414,471, 
1415,472,0.703791 313.02 271.66 68.49 33.95
1416,473, 
1417,474,0.243584 573.43 235.14 18.85 17.19
1418,475,0.287511 0.00 13.55 28.16 45.93
1419,476,0.273133 340.16 729.96 37.21 45.74
1420,477,0.286304 747.55 235.39 32.69 41.47
1421,478,0.243342 439.83 451.78 33.12 34.76
1422,479, 
1423,48, 
1424,480,0.514519 412.74 935.32 99.24 72.31 0.346330 141.82 547.32 33.83 57.32
1425,481, 
1426,482,0.201017 437.34 586.98 10.46 49.85
1427,483, 
1428,484, 
1429,485, 
1430,486, 
1431,487,0.208643 781.83 731.72 14.34 29.97
1432,488, 
1433,489, 
1434,49,0.251560 212.71 751.47 39.38 37.41
1435,490,0.298401 256.19 6.39 47.64 58.59
1436,491,0.692120 710.76 401.33 21.25 92.70 0.685357 219.65 557.99 63.18 25.54 0.389149 538.01 924.72 33.87 97.57
1437,492,0.489729 71.54 85.15 25.75 49.88 0.338637 459.70 206.82 51.84 47.97
1438,493,0.243259 491.43 548.99 52.35 19.97
1439,494,0.305612 746.36 662.53 29.47 48.97
1440,495, 
1441,496,0.323643 199.38 205.37 23.00 47.27
1442,497, 
1443,498, 
1444,499,0.210289 953.70 509.90 64.74 22.01
1445,5, 
1446,50, 
1447,500, 
1448,501,0.219831 919.23 700.58 33.58 18.02
1449,502, 
1450,503,0.396535 807.74 144.26 29.72 39.54 0.225188 676.82 873.77 16.41 60.24
1451,504, 
1452,505,0.213027 577.99 544.58 60.77 40.16
1453,506, 
1454,507, 
1455,508,0.246307 122.80 688.92 16.36 70.60
1456,509,0.455371 524.53 710.22 26.62 51.18 0.315988 4.81 261.62 43.56 39.54 0.252462 859.58 58.93 24.03 71.68
1457,51, 
1458,510,0.355548 302.80 890.02 43.03 29.79 0.348688 404.74 137.23 54.61 38.00
1459,511,0.378502 461.51 751.05 19.93 47.37 0.212323 311.85 608.01 44.05 28.58
1460,512,0.262196 38.14 11.61 47.19 25.62 0.201962 881.23 653.47 46.23 29.12
1461,513, 
1462,514, 
1463,515, 
1464,516, 
1465,517, 
1466,518,0.224320 955.36 426.76 45.23 41.21
1467,519, 
1468,52,0.213369 847.36 944.41 55.64 34.81
1469,520, 
1470,521,0.248075 116.83 378.22 59.39 14.85
1471,522,0.245888 214.00 252.40 33.01 41.24 0.205117 402.85 142.97 18.85 55.32
1472,523, 
1473,524,0.349383 506.96 490.37 23.82 54.36
1474,525, 
1475,526,0.423310 563.20 839.03 29.31 17.90
1476,527, 
1477,528, 
1478,529, 
1479,53,0.591620 692.41 728.28 68.01 82.93
1480,530, 
1481,531, 
1482,532, 
1483,533, 
1484,534,0.246111 737.12 68.84 22.95 60.12
1485,535,0.233953 817.58 277.41 39.72 35.52
1486,536,0.268349 282.11 770.15 35.72 47.75
1487,537, 
1488,538, 
1489,539, 
1490,54, 
1491,540, 
1492,541,0.306198 613.98 456.02 46.65 32.51 0.218691 48.13 135.59 21.42 46.44
1493,542,0.557837 250.74 789.57 9.73 52.61 0.331279 985.61 760.58 34.77 92.18
1494,543, 
1495,544,0.210870 599.30 174.50 40.46 48.68
1496,545,0.247279 967.39 118.70 10.40 43.14
1497,546,0.212767 543.57 592.67 42.62 42.20
1498,547, 
1499,548,0.404060 948.35 55.35 8.31 51.95
1500,549, 
1501,55,0.294668 1001.34 685.70 17.94 64.21
1502,550, 
1503,551,0.607806 448.98 644.08 52.56 25.39
1504,552,0.453273 8.03 717.38 21.55 51.85
1505,553, 
1506,554, 
1507,555, 
1508,556, 
1509,557, 
1510,558,0.339849 0.00 840.48 39.52 29.56
1511,559, 
1512,56,0.320556 17.82 911.88 20.34 64.17
1513,560,0.386272 672.59 342.56 58.03 21.91
1514,561, 
1515,562, 
1516,563,0.255870 633.80 175.14 9.23 53.80
1517,564, 
1518,565, 
1519,566,0.442378 804.63 347.67 8.92 49.97
1520,567,0.340980 610.61 789.10 31.78 21.73
1521,568,0.260603 825.34 572.89 9.24 33.03
1522,569, 
1523,57,0.278261 544.28 446.99 42.75 46.18
1524,570, 
1525,571, 
1526,572, 
1527,573, 
1528,574, 
1529,575, 
1530,576, 
1531,577, 
1532,578, 
1533,579,0.336148 877.85 201.95 58.52 42.45 0.288413 919.05 3.77 48.38 8.04
1534,58,0.473236 980.38 604.85 39.21 45.79
1535,580, 
1536,581,0.528327 961.60 830.43 31.08 73.90
1537,582, 
1538,583, 
1539,584, 
1540,585,0.376733 206.91 930.24 45.17 25.09
1541,586,0.205144 866.68 283.03 9.59 39.36
1542,587, 
1543,588,0.328579 789.76 956.67 44.33 58.12
1544,589, 
1545,59,0.619303 456.55 218.72 38.15 43.93
1546,590, 
1547,591, 
1548,592,0.258746 86.03 817.28 30.21 7.82
1549,593,0.285336 735.33 205.55 21.22 78.45 0.216994 322.42 91.01 67.12 17.70
1550,594, 
1551,595,0.334350 406.84 14.81 40.93 42.11 0.237635 834.76 619.91 53.52 9.79
1552,596,0.233575 264.98 455.15 52.49 8.92
1553,597,0.442699 496.53 191.21 39.62 31.36
1554,598, 
1555,599,0.345839 414.38 625.20 10.48 28.28
1556,6, 
1557,60, 
1558,600, 
1559,601,0.417942 91.90 657.60 61.38 42.40 0.208306 175.76 552.04 58.99 32.18
1560,602,0.222741 477.59 314.66 56.23 17.47
1561,603,0.509656 385.16 961.55 57.23 31.13 0.488757 649.04 458.72 46.86 53.32 0.240411 757.07 789.05 28.82 51.56
1562,604,0.486742 916.39 4.87 37.05 78.66 0.288281 144.67 543.38 47.32 29.62
1563,605, 
1564,606, 
1565,607,0.493026 484.82 133.70 50.91 29.61
1566,608,0.278300 242.41 60.21 23.21 87.53
1567,609, 
1568,61, 
1569,610, 
1570,611,0.383456 147.62 62.51 25.03 47.60
1571,612,0.294629 622.82 871.99 31.52 16.19
1572,613, 
1573,614, 
1574,615,0.294190 461.65 774.85 53.42 33.79 0.228680 634.46 117.56 8.57 49.54
1575,616,0.288449 760.32 984.99 46.67 32.54 0.277039 808.32 693.09 57.12 19.31
1576,617,0.285435 778.31 708.66 15.87 53.38 0.210748 116.85 294.31 47.29 38.17
1577,618, 
1578,619, 
1579,62, 
1580,620, 
1581,621, 
1582,622, 
1583,623, 
1584,624,0.598660 354.81 558.42 34.38 62.53
1585,625, 
1586,626, 
1587,627,0.201512 882.23 995.62 55.06 25.97
1588,628,0.497183 265.90 10.87 48.71 94.27
1589,629, 
1590,63,0.304800 505.39 51.52 45.26 29.78
1591,630,0.211807 187.96 443.53 48.29 25.16
1592,631,0.334027 414.52 862.93 29.90 43.02
1593,632, 
1594,633,0.254311 395.83 92.48 64.50 16.43
1595,634,0.342709 352.11 254.84 61.80 21.46
1596,635,0.335804 391.78 594.05 33.32 34.45
1597,636,0.213841 262.57 643.04 48.07 27.37
1598,637,0.310136 94.49 555.30 33.91 50.83
1599,638,0.391747 583.44 540.02 22.49 41.85 0.206299 331.89 571.33 27.59 12.25
1600,639, 
1601,64, 
1602,640, 
1603,641, 
1604,642, 
1605,643, 
1606,644, 
1607,645,0.373175 454.23 255.83 15.32 54.64
1608,646,0.201265 561.14 540.56 10.54 50.97
1609,647, 
1610,648,0.406842 58.90 334.03 88.01 30.49
1611,649,0.674241 300.57 20.28 23.44 79.86 0.291090 376.52 506.89 22.15 18.23
1612,65, 
1613,650,0.575269 99.58 908.30 77.40 24.41 0.435966 900.00 395.58 26.71 71.09
1614,651,0.241677 84.90 808.57 45.29 37.67 0.230057 812.01 165.00 28.62 52.10
1615,652, 
1616,653, 
1617,654, 
1618,655, 
1619,656, 
1620,657,0.348320 557.10 831.40 19.32 23.29 0.241146 194.81 113.79 48.69 34.48
1621,658, 
1622,659,0.498382 873.15 528.25 29.25 57.11 0.299351 796.46 900.07 30.14 43.25
1623,66, 
1624,660, 
1625,661, 
1626,662,0.331172 838.68 38.39 60.43 53.87
1627,663, 
1628,664,0.367881 941.82 306.90 49.49 36.68
1629,665, 
1630,666,0.379601 905.30 606.29 62.81 24.78
1631,667, 
1632,668, 
1633,669,0.265170 52.64 835.81 34.14 52.17
1634,67,0.277128 676.27 14.19 47.95 22.74 0.265515 948.82 559.77 8.90 41.68
1635,670,0.242052 173.26 940.99 39.61 36.76
1636,671,0.256070 589.23 658.11 42.75 29.10
1637,672,0.274398 346.24 855.48 40.99 13.71
1638,673,0.277131 158.11 478.09 21.90 64.19 0.256378 64.43 157.47 15.07 42.82
1639,674,0.416417 391.15 935.10 25.36 71.99
1640,675, 
1641,676,0.395176 739.31 433.00 27.13 50.86 0.209018 509.37 144.94 48.71 27.46
1642,677,0.447027 740.98 50.67 68.01 37.36 0.373321 379.13 249.17 29.59 32.66 0.205208 282.79 207.55 51.96 36.50
1643,678, 
1644,679,0.409277 696.98 18.30 30.64 44.76 0.368975 506.49 875.23 18.67 49.23 0.240245 340.95 920.49 68.29 35.04 0.231954 153.95 565.12 55.39 52.58 0.205775 306.52 457.00 24.63 28.28
1645,68,0.736167 256.59 524.48 23.76 56.66 0.357074 400.55 675.45 27.09 103.13
1646,680, 
1647,681, 
1648,682, 
1649,683,0.340575 997.07 351.48 14.05 58.28 0.324496 676.45 809.05 36.82 48.07
1650,684, 
1651,685, 
1652,686,0.204235 409.53 930.73 15.73 21.06
1653,687, 
1654,688, 
1655,689, 
1656,69, 
1657,690,0.258973 876.77 806.90 20.00 28.89
1658,691, 
1659,692,0.396728 672.71 503.95 11.93 82.14 0.211491 916.85 808.87 8.68 45.65
1660,693,0.489098 145.45 24.36 47.25 35.48
1661,694, 
1662,695, 
1663,696, 
1664,697, 
1665,698, 
1666,699, 
1667,7, 
1668,70, 
1669,700,0.330096 892.64 853.45 22.08 70.34
1670,701, 
1671,702, 
1672,703, 
1673,704,0.250832 541.40 681.71 8.35 54.64 0.250830 826.24 789.91 20.78 37.90
1674,705, 
1675,706, 
1676,707, 
1677,708, 
1678,709,0.323901 790.24 573.28 27.47 64.54 0.254572 715.07 0.00 16.97 57.56
1679,71,0.378239 223.03 302.13 17.70 63.41
1680,710,0.244079 7.25 598.69 40.42 42.13 0.230099 1000.57 784.78 17.78 65.63
1681,711, 
1682,712,0.463917 308.13 481.02 68.48 29.75 0.266849 299.26 170.58 10.00 53.68
1683,713,0.292008 6.93 373.93 31.87 8.54 0.253767 415.74 556.05 42.60 37.23
1684,714,0.359101 945.31 917.46 47.13 63.04 0.220973 816.78 622.51 13.83 25.85 0.209518 552.61 79.01 22.03 15.36
1685,715,0.315478 238.50 394.79 11.04 33.22
1686,716, 
1687,717, 
1688,718,0.348830 639.91 713.90 74.47 16.06
1689,719,0.212692 114.95 979.21 53.00 22.32 0.210457 924.51 343.27 45.33 27.26
1690,72, 
1691,720,0.261775 190.81 303.46 65.76 18.52
1692,721,0.276402 621.46 215.37 8.93 39.47
1693,722,0.281124 835.11 995.03 22.45 26.79
1694,723, 
1695,724, 
1696,725,0.525972 866.18 717.59 73.40 38.93
1697,726, 
1698,727,0.257562 881.59 843.63 24.06 26.61
1699,728,0.504527 45.31 85.26 15.18 53.76
1700,729, 
1701,73, 
1702,730,0.218668 0.48 962.30 44.77 15.54 0.200145 1003.16 613.97 18.34 19.89
1703,731,0.293389 471.38 245.21 21.85 22.55 0.230962 69.66 907.85 22.94 46.89 0.230284 15.13 502.63 56.18 43.54
1704,732,0.360932 37.55 724.98 30.01 60.29
1705,733,0.290105 291.70 653.19 52.08 72.38
1706,734,0.249500 818.08 617.39 44.26 12.23
1707,735,0.403066 860.81 578.81 32.11 37.22 0.308953 114.40 581.41 23.09 55.10 0.224257 54.34 566.92 28.86 13.74
1708,736,0.211699 449.47 729.71 32.68 16.13
1709,737, 
1710,738,0.531941 897.13 377.81 52.17 32.75 0.509786 365.05 495.36 45.88 37.22
1711,739,0.229761 36.07 968.96 10.84 32.93
1712,74,0.460627 140.66 370.27 42.79 40.04
1713,740,0.245771 21.18 1.24 27.09 49.68
1714,741, 
1715,742, 
1716,743, 
1717,744,0.420133 410.84 783.18 44.28 74.30
1718,745, 
1719,746, 
1720,747, 
1721,748,0.391358 265.92 898.27 16.87 20.23 0.328626 244.88 267.45 24.75 74.72
1722,749, 
1723,75,0.457015 444.87 81.82 8.14 53.97 0.363352 286.39 810.16 41.75 28.49 0.324691 195.74 181.54 26.65 41.15
1724,750,0.406597 119.73 585.39 44.64 47.11
1725,751, 
1726,752, 
1727,753,0.203346 4.76 109.28 36.18 41.81
1728,754,0.458019 462.42 848.06 106.53 83.56
1729,755, 
1730,756, 
1731,757, 
1732,758, 
1733,759, 
1734,76,0.351251 763.91 561.99 30.59 52.07 0.215954 430.25 525.86 25.35 33.85
1735,760, 
1736,761, 
1737,762, 
1738,763,0.457003 270.44 856.89 27.47 45.20
1739,764, 
1740,765,0.481318 366.44 857.28 36.13 41.78
1741,766, 
1742,767, 
1743,768, 
1744,769, 
1745,77, 
1746,770, 
1747,771, 
1748,772, 
1749,773,0.249128 115.57 511.14 21.13 44.38
1750,774, 
1751,775,0.803141 733.02 639.91 54.51 32.51
1752,776, 
1753,777,0.553038 813.72 474.02 38.69 45.27 0.510957 308.51 451.23 33.76 35.89 0.412834 246.38 52.68 53.09 32.05
1754,778, 
1755,779, 
1756,78, 
1757,780, 
1758,781,0.249769 814.34 36.78 8.95 48.37
1759,782,0.526112 6.10 178.27 31.31 49.66 0.289901 111.93 6.44 40.55 39.15
1760,783,0.269227 972.43 389.21 35.32 75.58 0.210687 590.98 932.97 49.32 17.05
1761,784, 
1762,785, 
1763,786, 
1764,787, 
1765,788,0.656837 663.76 779.80 27.32 53.96 0.442936 463.98 552.07 17.25 25.84
1766,789, 
1767,79,0.416950 853.31 34.27 63.92 21.21 0.405346 988.70 537.06 31.40 43.00 0.314359 343.38 319.37 38.93 62.27
1768,790, 
1769,791, 
1770,792, 
1771,793,0.200985 281.23 867.63 43.41 37.97
1772,794,0.333104 589.56 753.58 57.27 67.61
1773,795, 
1774,796, 
1775,797, 
1776,798,0.270745 464.13 426.17 108.42 38.67
1777,799, 
1778,8, 
1779,80, 
1780,800,0.287468 854.21 145.89 36.46 13.68
1781,801,0.334369 138.39 546.02 14.34 59.95
1782,802,0.401404 515.09 6.11 40.22 46.87
1783,803,0.506257 640.88 335.71 21.36 56.04
1784,804,0.203620 328.57 660.54 49.69 37.75
1785,805,0.559028 972.39 506.10 32.15 56.16 0.339060 535.12 591.70 10.45 45.44
1786,806,0.255012 475.02 729.06 32.23 40.76
1787,807,0.214978 148.81 191.24 14.43 32.06
1788,808, 
1789,809, 
1790,81, 
1791,810,0.212305 177.02 444.88 22.62 46.58 0.210551 866.25 759.24 53.77 44.28
1792,811, 
1793,812,0.344461 352.37 482.76 10.53 80.88 0.201459 393.73 72.75 42.28 33.60
1794,813, 
1795,814,0.334368 843.20 840.98 43.17 40.10
1796,815, 
1797,816, 
1798,817, 
1799,818, 
1800,819,0.464497 966.76 509.81 9.99 54.04
1801,82, 
1802,820,0.272990 635.57 946.94 17.53 44.55
1803,821, 
1804,822,0.221109 625.03 396.91 20.14 29.49
1805,823,0.636784 755.18 263.09 37.76 46.49 0.402556 653.37 603.44 55.05 19.40 0.318144 899.33 392.84 39.48 17.21
1806,824, 
1807,825,0.261966 769.90 462.77 27.90 55.09
1808,826, 
1809,827, 
1810,828, 
1811,829, 
1812,83, 
1813,830, 
1814,831,0.357634 625.71 91.27 54.57 29.93
1815,832, 
1816,833,0.420061 937.37 209.71 8.44 52.08
1817,834, 
1818,835,0.258044 525.54 404.96 26.93 48.19
1819,836,0.224314 449.06 690.67 47.32 19.40
1820,837, 
1821,838, 
1822,839, 
1823,84, 
1824,840, 
1825,841, 
1826,842,0.230813 885.13 736.00 28.40 43.20
1827,843,0.421206 129.94 870.38 37.74 56.75
1828,844, 
1829,845, 
1830,846, 
1831,847, 
1832,848, 
1833,849, 
1834,85, 
1835,850, 
1836,851,0.332658 23.12 141.22 21.18 88.02 0.249220 904.26 381.00 44.85 39.57
1837,852, 
1838,853,0.410972 525.05 853.03 20.48 21.94 0.259326 649.30 812.07 27.78 10.56
1839,854,0.236840 834.94 255.31 29.31 65.82
1840,855,0.618196 189.29 800.93 58.13 31.92
1841,856, 
1842,857, 
1843,858, 
1844,859,0.371095 834.19 537.79 16.61 28.41 0.242893 79.44 699.75 32.44 52.91
1845,86,0.383394 865.29 788.58 48.30 29.21
1846,860,0.367213 125.19 663.30 47.91 32.56
1847,861, 
1848,862, 
1849,863,0.373642 674.73 277.71 49.39 23.38
1850,864, 
1851,865,0.439693 184.98 487.14 36.12 64.21 0.338613 511.86 566.80 50.95 24.15
1852,866, 
1853,867,0.332419 13.36 54.64 51.79 31.04 0.272719 688.52 324.02 58.20 37.00
1854,868, 
1855,869,0.283330 546.10 956.62 41.33 62.86
1856,87,0.343667 972.13 713.29 14.92 55.46 0.265704 542.75 434.10 17.22 31.10
1857,870, 
1858,871, 
1859,872, 
1860,873, 
1861,874, 
1862,875,0.350152 419.52 5.25 22.62 16.62
1863,876,0.431318 475.36 431.20 64.63 29.75
1864,877,0.285461 329.14 194.02 64.52 69.74
1865,878,0.400578 109.86 797.23 31.38 38.05 0.228158 96.91 259.80 121.29 19.97
1866,879, 
1867,88, 
1868,880, 
1869,881,0.256107 645.97 586.24 32.29 58.62
1870,882,0.557414 973.55 65.83 31.36 63.51
1871,883, 
1872,884,0.337580 753.29 671.11 10.21 56.73
1873,885,0.485675 248.47 747.45 11.89 42.49
1874,886, 
1875,887, 
1876,888, 
1877,889, 
1878,89, 
1879,890, 
1880,891,0.312907 805.23 173.98 11.45 51.05
1881,892,0.285532 156.59 996.52 52.70 24.44
1882,893,0.228142 510.72 588.30 14.00 64.57
1883,894, 
1884,895, 
1885,896, 
1886,897,0.304586 645.72 731.38 68.70 24.44
1887,898,0.284461 350.39 961.18 36.59 40.47 0.255114 85.66 686.79 49.72 22.06
1888,899,0.421953 761.04 308.98 38.81 38.74
1889,9,0.334691 596.12 912.16 28.39 63.12
1890,90, 
1891,900, 
1892,901,0.201104 213.21 808.43 9.01 61.53
1893,902,0.375836 938.08 45.46 12.33 36.53
1894,903,0.292359 726.82 449.58 23.32 51.83 0.213302 727.54 465.79 17.31 33.19
1895,904,0.357864 250.06 978.40 18.09 25.12
1896,905,0.689962 930.41 105.24 67.58 40.06
1897,906, 
1898,907, 
1899,908,0.335013 862.22 229.93 40.43 14.63
1900,909,0.248894 67.39 163.80 13.11 28.58 0.209705 521.39 511.16 46.19 30.81 0.202093 230.78 761.91 57.77 46.10
1901,91,0.248001 423.65 159.50 30.04 64.44
1902,910, 
1903,911, 
1904,912, 
1905,913, 
1906,914,0.204638 491.56 916.70 21.55 36.16
1907,915,0.256232 94.84 227.35 26.33 42.07
1908,916, 
1909,917, 
1910,918, 
1911,919, 
1912,92, 
1913,920, 
1914,921, 
1915,922,0.370093 840.59 15.90 82.70 53.64
1916,923, 
1917,924,0.521664 230.01 487.48 29.36 43.23
1918,925, 
1919,926,0.364257 483.83 642.59 12.75 30.29
1920,927, 
1921,928, 
1922,929, 
1923,93,0.262490 806.32 128.41 21.97 16.87
1924,930, 
1925,931, 
1926,932, 
1927,933, 
1928,934,0.302068 987.34 476.32 31.98 14.73
1929,935,0.220856 166.27 761.45 25.36 18.45
1930,936, 
1931,937, 
1932,938, 
1933,939, 
1934,94, 
1935,940,0.248520 956.24 230.07 38.38 9.61
1936,941, 
1937,942, 
1938,943, 
1939,944, 
1940,945, 
1941,946,0.369108 447.38 864.50 89.17 35.17
1942,947, 
1943,948, 
1944,949,0.307723 44.12 608.92 35.68 37.88
1945,95,0.272075 731.78 17.66 16.43 25.40
1946,950, 
1947,951, 
1948,952, 
1949,953, 
1950,954,0.240647 477.45 461.11 37.78 34.97 0.238951 316.41 981.09 45.73 38.24
1951,955, 
1952,956, 
1953,957, 
1954,958, 
1955,959, 
1956,96,0.527637 119.01 467.31 43.80 56.02 0.316778 488.43 393.15 32.46 10.16
1957,960, 
1958,961,0.326233 179.86 397.75 53.45 39.11 0.210135 229.35 472.26 19.80 28.59
1959,962, 
1960,963,0.311714 809.84 257.92 51.06 27.16
1961,964, 
1962,965,0.310529 426.93 126.23 45.11 53.08
1963,966, 
1964,967,0.287036 570.87 958.03 51.37 21.20
1965,968, 
1966,969,0.294829 186.58 859.15 37.51 30.96
1967,97,0.380294 840.45 603.48 36.30 36.47
1968,970, 
1969,971, 
1970,972, 
1971,973,0.522548 828.02 819.18 56.13 38.13
1972,974,0.288427 751.49 281.36 30.90 10.57
1973,975,0.445038 2.49 596.97 39.00 32.63 0.328907 871.63 912.39 24.74 24.07
1974,976, 
1975,977,0.318976 265.33 533.67 28.77 49.50
1976,978,0.336496 104.94 2.24 29.98 37.55 0.232175 280.92 554.34 55.08 31.95
1977,979, 
1978,98, 
1979,980,0.480497 265.92 717.56 55.54 28.02
1980,981,0.541354 540.70 954.88 25.27 54.25 0.203859 593.13 440.82 45.34 49.89
1981,982, 
1982,983, 
1983,984,0.475468 15.66 402.87 17.10 61.17
1984,985,0.303924 506.37 387.80 39.38 43.43
1985,986, 
1986,987, 
1987,988,0.398390 25.58 430.24 21.54 50.52 0.376762 311.76 868.91 18.07 23.82
1988,989, 
1989,99, 
1990,990,0.476288 285.25 932.60 34.05 80.95
1991,991, 
1992,992,0.421976 523.06 63.73 24.82 47.53
1993,993, 
1994,994,0.297039 120.51 903.69 34.83 43.47 0.256598 914.75 810.85 18.43 25.16
1995,995, 
1996,996, 
1997,997, 
1998,998,0.417159 775.94 299.04 24.67 17.83
1999,999,0.271899 2.56 583.07 29.37 37.97
